"date","geography","geography code","Occupation: All categories: Occupation; Ethnic Group: All categories: Ethnic group; measures: Value","Occupation: All categories: Occupation; Ethnic Group: White: Total; measures: Value","Occupation: All categories: Occupation; Ethnic Group: White: English/Welsh/Scottish/Northern Irish/British; measures: Value","Occupation: All categories: Occupation; Ethnic Group: White: Irish; measures: Value","Occupation: All categories: Occupation; Ethnic Group: White: Other White; measures: Value","Occupation: All categories: Occupation; Ethnic Group: Mixed/multiple ethnic group; measures: Value","Occupation: All categories: Occupation; Ethnic Group: Asian/Asian British; measures: Value","Occupation: All categories: Occupation; Ethnic Group: Black/African/Caribbean/Black British; measures: Value","Occupation: All categories: Occupation; Ethnic Group: Other ethnic group; measures: Value","Occupation: 1. Managers, directors and senior officials; Ethnic Group: All categories: Ethnic group; measures: Value","Occupation: 1. Managers, directors and senior officials; Ethnic Group: White: Total; measures: Value","Occupation: 1. Managers, directors and senior officials; Ethnic Group: White: English/Welsh/Scottish/Northern Irish/British; measures: Value","Occupation: 1. Managers, directors and senior officials; Ethnic Group: White: Irish; measures: Value","Occupation: 1. Managers, directors and senior officials; Ethnic Group: White: Other White; measures: Value","Occupation: 1. Managers, directors and senior officials; Ethnic Group: Mixed/multiple ethnic group; measures: Value","Occupation: 1. Managers, directors and senior officials; Ethnic Group: Asian/Asian British; measures: Value","Occupation: 1. Managers, directors and senior officials; Ethnic Group: Black/African/Caribbean/Black British; measures: Value","Occupation: 1. Managers, directors and senior officials; Ethnic Group: Other ethnic group; measures: Value","Occupation: 2. Professional occupations; Ethnic Group: All categories: Ethnic group; measures: Value","Occupation: 2. Professional occupations; Ethnic Group: White: Total; measures: Value","Occupation: 2. Professional occupations; Ethnic Group: White: English/Welsh/Scottish/Northern Irish/British; measures: Value","Occupation: 2. Professional occupations; Ethnic Group: White: Irish; measures: Value","Occupation: 2. Professional occupations; Ethnic Group: White: Other White; measures: Value","Occupation: 2. Professional occupations; Ethnic Group: Mixed/multiple ethnic group; measures: Value","Occupation: 2. Professional occupations; Ethnic Group: Asian/Asian British; measures: Value","Occupation: 2. Professional occupations; Ethnic Group: Black/African/Caribbean/Black British; measures: Value","Occupation: 2. Professional occupations; Ethnic Group: Other ethnic group; measures: Value","Occupation: 3. Associate professional and technical occupations; Ethnic Group: All categories: Ethnic group; measures: Value","Occupation: 3. Associate professional and technical occupations; Ethnic Group: White: Total; measures: Value","Occupation: 3. Associate professional and technical occupations; Ethnic Group: White: English/Welsh/Scottish/Northern Irish/British; measures: Value","Occupation: 3. Associate professional and technical occupations; Ethnic Group: White: Irish; measures: Value","Occupation: 3. Associate professional and technical occupations; Ethnic Group: White: Other White; measures: Value","Occupation: 3. Associate professional and technical occupations; Ethnic Group: Mixed/multiple ethnic group; measures: Value","Occupation: 3. Associate professional and technical occupations; Ethnic Group: Asian/Asian British; measures: Value","Occupation: 3. Associate professional and technical occupations; Ethnic Group: Black/African/Caribbean/Black British; measures: Value","Occupation: 3. Associate professional and technical occupations; Ethnic Group: Other ethnic group; measures: Value","Occupation: 4. Administrative and secretarial occupations; Ethnic Group: All categories: Ethnic group; measures: Value","Occupation: 4. Administrative and secretarial occupations; Ethnic Group: White: Total; measures: Value","Occupation: 4. Administrative and secretarial occupations; Ethnic Group: White: English/Welsh/Scottish/Northern Irish/British; measures: Value","Occupation: 4. Administrative and secretarial occupations; Ethnic Group: White: Irish; measures: Value","Occupation: 4. Administrative and secretarial occupations; Ethnic Group: White: Other White; measures: Value","Occupation: 4. Administrative and secretarial occupations; Ethnic Group: Mixed/multiple ethnic group; measures: Value","Occupation: 4. Administrative and secretarial occupations; Ethnic Group: Asian/Asian British; measures: Value","Occupation: 4. Administrative and secretarial occupations; Ethnic Group: Black/African/Caribbean/Black British; measures: Value","Occupation: 4. Administrative and secretarial occupations; Ethnic Group: Other ethnic group; measures: Value","Occupation: 5. Skilled trades occupations; Ethnic Group: All categories: Ethnic group; measures: Value","Occupation: 5. Skilled trades occupations; Ethnic Group: White: Total; measures: Value","Occupation: 5. Skilled trades occupations; Ethnic Group: White: English/Welsh/Scottish/Northern Irish/British; measures: Value","Occupation: 5. Skilled trades occupations; Ethnic Group: White: Irish; measures: Value","Occupation: 5. Skilled trades occupations; Ethnic Group: White: Other White; measures: Value","Occupation: 5. Skilled trades occupations; Ethnic Group: Mixed/multiple ethnic group; measures: Value","Occupation: 5. Skilled trades occupations; Ethnic Group: Asian/Asian British; measures: Value","Occupation: 5. Skilled trades occupations; Ethnic Group: Black/African/Caribbean/Black British; measures: Value","Occupation: 5. Skilled trades occupations; Ethnic Group: Other ethnic group; measures: Value","Occupation: 6. Caring, leisure and other service occupations; Ethnic Group: All categories: Ethnic group; measures: Value","Occupation: 6. Caring, leisure and other service occupations; Ethnic Group: White: Total; measures: Value","Occupation: 6. Caring, leisure and other service occupations; Ethnic Group: White: English/Welsh/Scottish/Northern Irish/British; measures: Value","Occupation: 6. Caring, leisure and other service occupations; Ethnic Group: White: Irish; measures: Value","Occupation: 6. Caring, leisure and other service occupations; Ethnic Group: White: Other White; measures: Value","Occupation: 6. Caring, leisure and other service occupations; Ethnic Group: Mixed/multiple ethnic group; measures: Value","Occupation: 6. Caring, leisure and other service occupations; Ethnic Group: Asian/Asian British; measures: Value","Occupation: 6. Caring, leisure and other service occupations; Ethnic Group: Black/African/Caribbean/Black British; measures: Value","Occupation: 6. Caring, leisure and other service occupations; Ethnic Group: Other ethnic group; measures: Value","Occupation: 7. Sales and customer service occupations; Ethnic Group: All categories: Ethnic group; measures: Value","Occupation: 7. Sales and customer service occupations; Ethnic Group: White: Total; measures: Value","Occupation: 7. Sales and customer service occupations; Ethnic Group: White: English/Welsh/Scottish/Northern Irish/British; measures: Value","Occupation: 7. Sales and customer service occupations; Ethnic Group: White: Irish; measures: Value","Occupation: 7. Sales and customer service occupations; Ethnic Group: White: Other White; measures: Value","Occupation: 7. Sales and customer service occupations; Ethnic Group: Mixed/multiple ethnic group; measures: Value","Occupation: 7. Sales and customer service occupations; Ethnic Group: Asian/Asian British; measures: Value","Occupation: 7. Sales and customer service occupations; Ethnic Group: Black/African/Caribbean/Black British; measures: Value","Occupation: 7. Sales and customer service occupations; Ethnic Group: Other ethnic group; measures: Value","Occupation: 8. Process, plant and machine operatives; Ethnic Group: All categories: Ethnic group; measures: Value","Occupation: 8. Process, plant and machine operatives; Ethnic Group: White: Total; measures: Value","Occupation: 8. Process, plant and machine operatives; Ethnic Group: White: English/Welsh/Scottish/Northern Irish/British; measures: Value","Occupation: 8. Process, plant and machine operatives; Ethnic Group: White: Irish; measures: Value","Occupation: 8. Process, plant and machine operatives; Ethnic Group: White: Other White; measures: Value","Occupation: 8. Process, plant and machine operatives; Ethnic Group: Mixed/multiple ethnic group; measures: Value","Occupation: 8. Process, plant and machine operatives; Ethnic Group: Asian/Asian British; measures: Value","Occupation: 8. Process, plant and machine operatives; Ethnic Group: Black/African/Caribbean/Black British; measures: Value","Occupation: 8. Process, plant and machine operatives; Ethnic Group: Other ethnic group; measures: Value","Occupation: 9. Elementary occupations; Ethnic Group: All categories: Ethnic group; measures: Value","Occupation: 9. Elementary occupations; Ethnic Group: White: Total; measures: Value","Occupation: 9. Elementary occupations; Ethnic Group: White: English/Welsh/Scottish/Northern Irish/British; measures: Value","Occupation: 9. Elementary occupations; Ethnic Group: White: Irish; measures: Value","Occupation: 9. Elementary occupations; Ethnic Group: White: Other White; measures: Value","Occupation: 9. Elementary occupations; Ethnic Group: Mixed/multiple ethnic group; measures: Value","Occupation: 9. Elementary occupations; Ethnic Group: Asian/Asian British; measures: Value","Occupation: 9. Elementary occupations; Ethnic Group: Black/African/Caribbean/Black British; measures: Value","Occupation: 9. Elementary occupations; Ethnic Group: Other ethnic group; measures: Value"
"2011","AL - St Albans","AL - St Albans",125081,110369,99480,2212,8677,2121,8189,3529,873,17086,15575,14246,318,1011,244,907,252,108,30561,26339,23594,680,2065,528,2544,876,274,19189,17346,15928,295,1123,360,970,416,97,13732,12536,11502,253,781,196,658,281,61,10324,9544,8677,193,674,112,410,191,67,9770,8414,7667,154,593,195,570,510,81,9491,7679,6853,92,734,239,1083,413,77,5159,4588,4108,98,382,64,333,129,45,9769,8348,6905,129,1314,183,714,461,63
"2011","B - Birmingham","B - Birmingham",818275,624929,584983,12548,27398,17203,122220,45163,8760,77678,61838,58946,1263,1629,1187,11597,2267,789,138464,102174,94922,2834,4418,2562,23210,8628,1890,92442,73870,70431,1268,2171,2207,10824,4744,797,100175,80301,76924,1388,1989,1964,12338,4926,646,87742,72120,67818,1471,2831,1488,9826,3504,804,77889,58025,54928,1151,1946,2157,9495,7571,641,71246,50732,48750,696,1286,2085,14075,3573,781,70726,51100,45957,1006,4137,1063,14582,3044,937,101913,74769,66307,1471,6991,2490,16273,6906,1475
"2011","BA - Bath","BA - Bath",214483,207808,196950,1179,9679,1834,3108,1220,513,23957,23377,22450,169,758,163,285,82,50,37835,36158,34037,388,1733,334,958,278,107,25547,24872,23832,142,898,247,218,156,54,22205,21794,21110,118,566,149,174,66,22,28394,27782,26675,97,1010,171,300,91,50,20205,19340,18404,106,830,205,431,179,50,17911,17315,16796,39,480,193,240,102,61,14758,14432,13000,40,1392,106,93,85,42,23671,22738,20646,80,2012,266,409,181,77
"2011","BB - Blackburn","BB - Blackburn",216063,188221,182110,1176,4935,1499,24874,604,865,21458,18998,18634,131,233,125,2244,32,59,30677,26614,25953,205,456,233,3489,148,193,21786,19796,19373,99,324,173,1698,61,58,22683,20317,19969,125,223,149,2140,37,40,28882,26133,25225,151,757,144,2415,45,145,24421,21665,21236,133,296,180,2407,117,52,18901,14669,14385,60,224,182,3957,27,66,23132,18959,17710,128,1121,116,3879,66,112,24123,21070,19625,144,1301,197,2645,71,140
"2011","BD - Bradford","BD - Bradford",248948,196276,186474,1078,8724,3737,42366,4108,2461,23752,19548,19023,115,410,250,3552,231,171,35218,27811,26712,251,848,446,5682,795,484,26934,22468,21835,123,510,474,3344,407,241,29529,24777,24154,98,525,421,3774,319,238,30876,25877,24787,119,971,375,4023,299,302,25033,19881,19207,91,583,465,3713,783,191,21871,15486,15100,56,330,472,5420,325,168,24285,16770,15121,80,1569,298,6660,325,232,31450,23658,20535,145,2978,536,6198,624,434
"2011","BH - Bournemouth","BH - Bournemouth",262149,250370,234800,1477,14093,2725,6419,1493,1142,31638,30516,29119,192,1205,251,621,89,161,42650,39914,37675,384,1855,439,1762,328,207,32097,31044,29625,174,1245,360,446,157,90,30016,29156,27915,147,1094,267,434,92,67,33772,32656,30940,150,1566,259,622,99,136,25973,24279,22318,122,1839,308,937,336,113,23776,22683,21667,101,915,334,523,136,100,15290,14718,13158,63,1497,120,273,66,113,26937,25404,22383,144,2877,387,801,190,155
"2011","BL - Bolton","BL - Bolton",173643,152143,147329,1147,3667,1958,16958,1781,803,17744,15626,15245,137,244,169,1802,87,60,27426,23843,23174,271,398,263,2870,316,134,20618,18919,18491,130,298,259,1212,176,52,20518,18467,18090,109,268,206,1690,116,39,19278,17851,17341,119,391,200,1037,85,105,16729,14957,14641,86,230,195,1154,365,58,17562,13968,13663,73,232,255,3082,165,92,14721,12046,11267,89,690,143,2301,129,102,19047,16466,15417,133,916,268,1810,342,161
"2011","BN - Brighton","BN - Brighton",388157,365484,337706,3979,23799,6037,10569,3640,2427,44762,42350,39547,525,2278,582,1241,245,344,72762,67297,61223,1273,4801,1232,2815,930,488,54752,52141,48383,544,3214,1080,826,427,278,41658,39983,37799,334,1850,554,746,228,147,43574,41808,39407,324,2077,413,929,195,229,41307,38437,35228,339,2870,599,1425,657,189,33929,31431,29587,222,1622,717,1069,436,276,19455,18504,17195,155,1154,195,406,128,222,35958,33533,29337,263,3933,665,1112,394,254
"2011","BR - Bromley","BR - Bromley",145201,125109,114307,2197,8605,3065,8094,7464,1469,18818,16399,14899,334,1166,309,1187,692,231,30201,24205,21525,661,2019,606,2872,2146,372,22716,20072,18555,307,1210,564,952,961,167,22291,19830,18606,310,914,478,860,975,148,13723,12536,11398,197,941,230,383,442,132,11104,9410,8589,127,694,267,495,800,132,10321,8703,8186,74,443,301,639,587,91,6501,5801,5402,79,320,105,230,313,52,9526,8153,7147,108,898,205,476,548,144
"2011","BS - Bristol","BS - Bristol",469201,435069,409376,3369,22324,6972,15029,10094,2037,47234,44548,42594,385,1569,514,1388,571,213,92336,84003,78278,1070,4655,1420,4501,1881,531,61297,57741,55183,457,2101,1011,1268,1074,203,56789,53995,51969,342,1684,725,1115,847,107,51317,48666,46289,254,2123,574,1226,647,204,41492,37804,35538,260,2006,733,1232,1583,140,41193,37628,36158,172,1298,826,1626,947,166,28530,26485,24244,148,2093,283,961,659,142,49013,44199,39123,281,4795,886,1712,1885,331
"2011","CA - Carlisle","CA - Carlisle",157645,155350,151561,491,3298,523,1438,176,158,15545,15339,15006,67,266,43,127,14,22,20722,20202,19631,141,430,76,350,43,51,14939,14787,14512,62,213,65,64,15,8,15567,15442,15205,32,205,42,72,7,4,25345,24962,24492,53,417,61,274,24,24,15048,14857,14554,41,262,50,101,27,13,13473,13271,13084,26,161,59,129,10,4,16927,16781,16151,28,602,47,77,7,15,20079,19709,18926,41,742,80,244,29,17
"2011","CB - Cambridge","CB - Cambridge",217606,200837,177054,2284,21499,2856,10236,2360,1317,24151,22772,20724,299,1749,252,873,139,115,56478,49910,41645,881,7384,851,4486,721,510,26627,24995,22286,299,2410,417,778,296,141,21576,20523,18967,159,1397,225,608,153,67,22420,21432,19884,145,1403,205,541,148,94,19375,17637,15851,193,1593,264,1011,349,114,14164,12995,12076,81,838,210,715,152,92,12098,11419,9811,73,1535,116,385,126,52,20717,19154,15810,154,3190,316,839,276,132
"2011","CH - Chester","CH - Chester",306700,298640,289085,2284,7271,2159,4510,837,554,30064,29181,28387,259,535,193,556,62,72,52276,50069,48126,751,1192,402,1358,281,166,36320,35561,34691,244,626,316,280,114,49,35839,35315,34648,220,447,185,265,41,33,35001,34119,33197,177,745,211,565,50,56,30526,29820,29105,161,554,208,377,85,36,27686,26945,26493,152,300,228,400,69,44,25585,25173,23707,133,1333,129,189,57,37,33403,32457,30731,187,1539,287,520,78,61
"2011","CM - Chelmsford","CM - Chelmsford",332186,314571,298311,3302,12958,3400,8768,4394,1053,42348,40517,38774,497,1246,335,1027,350,119,56002,50751,47319,979,2453,610,2976,1333,332,47513,45547,43652,457,1438,577,791,492,106,44195,42696,41238,371,1087,405,716,311,67,38191,36960,35344,253,1363,281,598,268,84,28705,26753,25179,256,1318,316,866,677,93,23683,22326,21514,122,690,338,690,253,76,21072,20288,19019,173,1096,183,309,231,61,30477,28733,26272,194,2267,355,795,479,115
"2011","CO - Colchester","CO - Colchester",190371,182434,175478,1181,5775,1785,3942,1549,661,21883,21160,20517,143,500,159,420,89,55,28285,26252,24690,353,1209,305,1127,395,206,24042,23175,22468,130,577,262,288,251,66,21582,21007,20467,114,426,172,252,108,43,24675,24059,23419,95,545,160,327,76,53,21006,19789,18960,116,713,219,599,315,84,15750,15082,14745,72,265,232,286,113,37,13355,13009,12461,55,493,80,153,67,46,19793,18901,17751,103,1047,196,490,135,71
"2011","CR - Croydon","CR - Croydon",195486,123198,104496,2976,15726,7333,31393,30566,2996,20480,13862,12095,348,1419,633,3647,2038,300,36517,20837,18016,705,2116,1151,7581,6374,574,26209,17684,15813,374,1497,1108,3356,3717,344,28169,18432,16472,443,1517,1088,4157,4192,300,19953,15092,11853,343,2896,631,1806,2086,338,18655,11082,9309,260,1513,770,2242,4229,332,17144,8552,7468,135,949,855,4438,3006,293,10581,6656,5523,141,992,387,1682,1677,179,17778,11001,7947,227,2827,710,2484,3247,336
"2011","CT - Canterbury","CT - Canterbury",211409,201095,189921,1475,9699,2065,5988,1466,795,21924,20885,19860,161,864,157,702,105,75,34140,31830,29151,489,2190,422,1292,410,186,24687,23331,22307,192,832,295,819,162,80,22027,21441,20709,104,628,179,286,76,45,25645,24803,23758,122,923,189,500,66,87,25093,23778,22721,124,933,206,773,257,79,19822,18822,18204,77,541,245,495,195,65,13864,13456,12559,88,809,90,215,44,59,24207,22749,20652,118,1979,282,906,151,119
"2011","CV - Coventry","CV - Coventry",390747,342118,317927,5028,19163,4513,33168,8212,2736,40797,36794,35059,552,1183,317,3055,391,240,69088,59301,55445,1094,2762,708,7021,1512,546,46377,41350,39342,545,1463,593,3438,687,309,44240,39573,37709,506,1358,443,3394,615,215,41813,38519,36329,573,1617,345,2277,463,209,34795,30389,28781,448,1160,497,2188,1552,169,31895,26619,25459,291,869,539,3808,644,285,29722,25309,22702,371,2236,291,3307,533,282,52020,44264,37101,648,6515,780,4680,1815,481
"2011","CW - Crewe","CW - Crewe",151685,148181,142914,719,4548,978,1761,537,228,18379,18042,17642,120,280,81,195,33,28,25249,24404,23684,176,544,164,479,141,61,18230,17872,17467,96,309,129,149,63,17,15809,15576,15246,66,264,80,112,35,6,17051,16715,16269,51,395,79,202,32,23,13929,13553,13232,61,260,107,184,71,14,12610,12298,12106,34,158,114,132,48,18,12523,12291,11329,34,928,68,86,50,28,17905,17430,15939,81,1410,156,222,64,33
"2011","DA - Dartford","DA - Dartford",209373,179384,168004,2056,9324,2969,15314,9776,1930,20836,17873,16911,215,747,252,1796,731,184,29961,22947,21201,496,1250,480,3158,3027,349,25789,22421,21410,241,770,444,1582,1150,192,32869,29469,28386,305,778,419,1738,1088,155,26210,24026,22550,238,1238,288,1243,421,232,18483,15725,14843,172,710,277,1034,1295,152,18401,15508,14862,106,540,350,1725,660,158,15545,13586,12505,134,947,160,1203,427,169,21279,17829,15336,149,2344,299,1835,977,339
"2011","DE - Derby","DE - Derby",349737,322746,309476,2025,11245,3617,17446,4281,1647,36930,34573,33646,250,677,228,1716,253,160,54626,49775,47893,499,1383,531,3196,849,275,38370,35828,34776,241,811,418,1546,456,122,37231,35028,34158,186,684,325,1412,363,103,43627,41475,40203,197,1075,347,1329,324,152,31981,29132,28232,184,716,467,1453,816,113,28134,25597,25046,97,454,432,1693,272,140,35166,31527,29238,158,2131,285,2744,372,238,43672,39811,36284,213,3314,584,2357,576,344
"2011","DH - Durham","DH - Durham",139220,136447,133601,376,2470,630,1668,247,228,12478,12075,11904,42,129,41,303,18,41,21985,21160,20236,157,767,138,519,79,89,15319,15088,14865,37,186,71,123,22,15,17028,16832,16631,35,166,69,99,19,9,16375,16111,15898,16,197,56,159,23,26,13284,13121,12949,23,149,50,81,26,6,13153,12906,12784,16,106,56,165,12,14,12956,12831,12419,15,397,56,46,14,9,16642,16323,15915,35,373,93,173,34,19
"2011","DL - Darlington","DL - Darlington",170850,166669,163104,543,3022,924,2292,673,292,17103,16696,16429,67,200,85,243,40,39,22679,21855,21271,151,433,125,523,116,60,22954,22114,21715,108,291,200,332,253,55,18646,18407,18169,47,191,74,127,26,12,23446,22963,22533,33,397,88,308,55,32,17020,16662,16359,42,261,78,197,68,15,14633,14317,14138,26,153,90,159,43,24,14358,14193,13665,20,508,51,71,29,14,20011,19462,18825,49,588,133,332,43,41
"2011","DN - Doncaster","DN - Doncaster",345419,334416,320748,1180,12488,1999,6492,1598,914,32593,31423,30743,150,530,161,809,79,121,40352,38112,36905,246,961,245,1365,460,170,33742,32929,32170,117,642,236,390,144,43,34772,34143,33408,103,632,142,374,79,34,46101,44799,43547,144,1108,225,815,127,135,35413,34514,33826,95,593,195,437,239,28,31042,30061,29530,66,465,196,639,86,60,41263,40041,36690,110,3241,221,740,133,128,50141,48394,43929,149,4316,378,923,251,195
"2011","DT - Dorchester","DT - Dorchester",100377,98230,95435,449,2346,580,1162,273,132,11612,11419,11113,78,228,54,110,14,15,15709,15264,14701,134,429,96,258,57,34,12275,11979,11679,62,238,100,142,39,15,9989,9880,9714,28,138,45,46,9,9,15769,15508,15152,38,318,66,154,28,13,10422,10116,9807,41,268,63,183,42,18,7343,7202,7081,14,107,50,75,11,5,6170,6094,5844,24,226,21,31,17,7,11088,10768,10344,30,394,85,163,56,16
"2011","DY - Dudley","DY - Dudley",187557,174387,170372,642,3373,1764,8450,2431,525,19694,18440,18114,92,234,143,902,155,54,26048,23827,23230,138,459,195,1438,481,107,19953,18714,18423,59,232,207,720,254,58,22106,20845,20550,73,222,183,795,235,48,25820,24681,24121,64,496,197,708,192,42,18139,16897,16615,57,225,221,559,430,32,16619,15149,14927,36,186,239,1006,181,44,18081,16339,15625,67,647,122,1351,208,61,21097,19495,18767,56,672,257,971,295,79
"2011","E - London E","E - London E",458412,246807,155238,8169,83400,16225,118377,63420,13583,41855,25118,17124,903,7091,1295,10547,3650,1245,93365,55458,38982,2610,13866,3122,21178,11229,2378,70556,45253,31939,1483,11831,3120,13134,7398,1651,48715,25716,18789,803,6124,1823,12067,7946,1163,40326,24341,11354,643,12344,1155,9051,4320,1459,36160,16149,10217,501,5431,1418,8742,8577,1274,42328,13467,8332,363,4772,1520,19754,6241,1346,24642,11308,6690,316,4302,662,8265,3569,838,60465,29997,11811,547,17639,2110,15639,10490,2229
"2011","EC - London EC","EC - London EC",17913,13868,9069,589,4210,681,1880,1048,436,2706,2281,1466,92,723,80,222,74,49,5921,4774,3147,213,1414,218,625,191,113,4164,3316,2034,129,1153,166,423,164,95,1380,1066,740,50,276,53,123,113,25,659,514,338,31,145,19,61,42,23,769,513,371,12,130,26,82,118,30,840,465,329,12,124,55,176,113,31,422,290,221,15,54,10,39,67,16,1052,649,423,35,191,54,129,166,54
"2011","EN - Enfield","EN - Enfield",162225,130951,108921,3659,18371,3976,11137,12548,3613,18638,15314,12778,488,2048,394,1414,990,526,27788,20306,16680,883,2743,701,3147,3040,594,21149,17316,15001,413,1902,619,1285,1514,415,23162,19319,16871,487,1961,535,1411,1525,372,18833,16690,13583,495,2612,309,618,812,404,14630,11564,9568,303,1693,386,856,1511,313,12505,9478,8004,165,1309,417,1191,1031,388,10735,9083,7413,193,1477,243,434,731,244,14785,11881,9023,232,2626,372,781,1394,357
"2011","EX - Exeter","EX - Exeter",261115,255187,246520,1101,7566,1697,3038,647,546,28463,27950,27217,132,601,153,266,40,54,39592,38239,36402,312,1525,332,695,176,150,27771,27220,26384,144,692,238,183,85,45,26254,25917,25309,101,507,126,147,38,26,41728,41099,40113,130,856,177,326,45,81,26998,26079,25263,96,720,180,586,109,44,22462,21970,21514,47,409,173,239,47,33,17303,17031,16223,59,749,77,139,23,33,30544,29682,28095,80,1507,241,457,84,80
"2011","FY - Blackpool","FY - Blackpool",121428,118081,114464,694,2923,856,1876,309,306,13736,13314,12974,95,245,93,259,22,48,16588,15799,15348,140,311,115,543,66,65,12420,12164,11912,77,175,105,87,43,21,16925,16715,16455,74,186,82,91,22,15,14084,13730,13291,63,376,62,233,27,32,13827,13442,13073,72,297,100,220,41,24,11042,10724,10499,44,181,110,165,23,20,8645,8486,8060,46,380,50,72,23,14,14161,13707,12852,83,772,139,206,42,67
"2011","GL - Gloucester","GL - Gloucester",306815,294715,281011,1824,11880,2886,6066,2632,516,35744,34667,33253,283,1131,230,643,133,71,52578,50038,47851,442,1745,480,1516,440,104,37492,36246,34931,231,1084,384,516,294,52,37821,36842,35733,196,913,277,456,202,44,38508,37414,35904,168,1342,278,534,239,43,28593,26948,25485,156,1307,375,692,524,54,23118,22035,21314,76,645,307,554,184,38,21448,20565,19146,98,1321,174,450,225,34,31513,29960,27394,174,2392,381,705,391,76
"2011","GU - Guildford","GU - Guildford",376091,344927,320563,3263,21101,4470,20334,4145,2215,52505,49451,46300,551,2600,509,1977,308,260,79147,71696,65728,964,5004,923,4822,1036,670,57987,54073,50814,488,2771,779,2098,745,292,42042,39886,37680,346,1860,427,1325,247,157,39140,37132,34803,246,2083,400,1213,259,136,32488,28879,26406,236,2237,404,2255,752,198,26025,23079,21899,135,1045,433,2029,323,161,16327,14676,13666,114,896,147,1257,151,96,30430,26055,23267,183,2605,448,3358,324,245
"2011","HA - Harrow","HA - Harrow",232188,108068,75421,7047,25600,5561,95871,17495,5193,26746,12338,9430,888,2020,464,11946,1371,627,50010,20733,15885,1541,3307,1088,23306,3665,1218,29355,14564,11857,685,2022,840,11209,2163,579,30590,14256,11226,1004,2026,710,12825,2279,520,21724,14046,7185,1078,5783,464,5526,1196,492,17661,9198,6382,598,2218,488,5444,2110,421,20402,6430,4903,289,1238,627,11164,1687,494,13498,6231,3805,454,1972,284,5542,1095,346,22202,10272,4748,510,5014,596,8909,1929,496
"2011","HD - Huddersfield","HD - Huddersfield",124044,109520,105673,1031,2816,2062,8661,3248,553,13851,12635,12325,98,212,118,879,165,54,21860,19453,18791,239,423,290,1557,466,94,15514,14055,13670,115,270,268,751,386,54,13188,11989,11724,87,178,188,709,272,30,14737,13453,13069,117,267,235,726,258,65,11556,10059,9776,85,198,270,628,556,43,10028,8438,8241,70,127,237,1026,282,45,10239,8369,7799,91,479,148,1350,310,62,13071,11069,10278,129,662,308,1035,553,106
"2011","HG - Harrogate","HG - Harrogate",71963,69351,65064,373,3914,607,1132,646,227,9967,9713,9340,53,320,65,106,63,20,13126,12564,11886,127,551,96,288,137,41,10287,9777,8984,44,749,138,126,177,69,7757,7582,7291,35,256,52,79,35,9,8341,8109,7727,15,367,53,129,38,12,6669,6358,5909,35,414,55,153,80,23,5441,5281,5099,21,161,48,64,34,14,3413,3346,3069,12,265,23,24,12,8,6962,6621,5759,31,831,77,163,70,31
"2011","HP - Hemel Hempstead","HP - Hemel Hempstead",248065,219922,204826,2760,12336,3711,17142,6247,1043,34416,31748,29900,445,1403,379,1737,405,147,47784,41427,38264,708,2455,639,4009,1459,250,36952,33842,31885,395,1562,601,1654,733,122,28397,25935,24521,304,1110,406,1396,559,101,26447,24575,22894,272,1409,334,1034,436,68,21350,18587,17144,203,1240,363,1329,962,109,18663,15457,14648,121,688,413,2196,537,60,13100,10551,9728,142,681,152,1996,350,51,20956,17800,15842,170,1788,424,1791,806,135
"2011","HR - Hereford","HR - Hereford",87941,86396,80943,342,5111,422,828,170,125,10083,9929,9610,47,272,38,89,11,16,12352,11975,11456,86,433,66,209,66,36,8948,8829,8480,60,289,49,41,12,17,8499,8432,8178,29,225,34,25,3,5,14466,14278,13611,30,637,53,114,13,8,8695,8431,8016,25,390,53,170,31,10,6595,6474,6264,17,193,38,61,15,7,7571,7493,6194,17,1282,30,28,8,12,10732,10555,9134,31,1390,61,91,11,14
"2011","HU - Hull","HU - Hull",201876,194957,187011,501,7445,1437,3357,1367,758,18275,17638,17255,54,329,115,368,52,102,28449,26574,25479,192,903,229,1134,364,148,21777,21196,20680,54,462,192,199,130,60,22016,21618,21294,28,296,109,194,65,30,27361,26615,25477,40,1098,171,394,72,109,19996,19364,18990,40,334,116,217,267,32,19395,18814,18464,32,318,131,312,67,71,18180,17653,16114,24,1515,146,179,115,87,26427,25485,23258,37,2190,228,360,235,119
"2011","HX - Halifax","HX - Halifax",75977,69758,67287,570,1901,735,4974,347,163,8053,7554,7368,71,115,53,403,18,25,12794,11677,11275,143,259,108,882,87,40,9371,8823,8585,76,162,125,372,41,10,8862,8396,8211,54,131,72,364,26,4,9154,8615,8351,50,214,92,395,36,16,7339,6750,6594,39,117,77,441,59,12,5652,4958,4863,30,65,77,599,10,8,7000,5983,5556,43,384,51,918,30,18,7752,7002,6484,64,454,80,600,40,30
"2011","IG - Ilford","IG - Ilford",147471,74616,60261,1794,12561,3177,53123,13155,3400,16379,8283,7039,216,1028,251,6586,902,357,29303,12055,9935,451,1669,572,12801,3156,719,18593,10204,8999,192,1013,437,6037,1566,349,20769,11569,10275,248,1046,482,6680,1653,385,13327,8734,6145,212,2377,255,3212,762,364,11783,6216,4987,148,1081,293,3191,1776,307,13149,4702,3968,70,664,371,6686,1065,325,9849,5429,4300,101,1028,173,3318,725,204,14319,7424,4613,156,2655,343,4612,1550,390
"2011","IP - Ipswich","IP - Ipswich",293357,279721,261249,1444,17028,3713,5469,3277,1177,31575,30477,29032,214,1231,288,522,194,94,42337,39543,37290,348,1905,434,1669,535,156,37584,35442,32301,207,2934,655,493,728,266,32425,31393,30293,131,969,346,353,269,64,38795,37481,35563,132,1786,331,551,301,131,28102,26621,25248,143,1230,402,562,439,78,22741,21684,21025,64,595,406,412,187,52,24750,23812,20618,88,3106,270,290,228,150,35048,33268,29879,117,3272,581,617,396,186
"2011","KT - Kingston upon Thames","KT - Kingston upon Thames",270434,234012,205988,4447,23577,4959,24104,4075,3284,40306,35170,30940,739,3491,586,3703,343,504,62876,52547,45686,1318,5543,1154,7176,1104,895,43571,38804,34777,663,3364,929,2877,515,446,32439,28957,26257,525,2175,564,2280,354,284,23432,21500,18904,341,2255,282,1204,204,242,21949,18881,16412,337,2132,383,1859,585,241,18085,14259,12933,177,1149,531,2562,443,290,9883,8715,7783,141,791,146,726,147,149,17893,15179,12296,206,2677,384,1717,380,233
"2011","L - Liverpool","L - Liverpool",370361,349106,335999,4320,8787,5075,9018,4715,2447,30626,28711,27802,369,540,347,876,218,474,60593,54983,51626,1557,1800,870,3006,1256,478,41407,39361,38004,493,864,663,607,571,205,49914,48280,47281,392,607,534,616,364,120,36563,34731,33697,285,749,395,968,223,246,39161,36927,35867,306,754,597,581,912,144,37948,35819,35033,294,492,592,934,305,298,28801,27761,26758,160,843,336,348,183,173,45348,42533,39931,464,2138,741,1082,683,309
"2011","LA - Lancaster","LA - Lancaster",155064,151583,146362,631,4590,851,1935,486,209,16116,15793,15339,70,384,65,203,28,27,25665,24730,23739,189,802,153,555,150,77,15945,15671,15330,61,280,99,122,33,20,14806,14630,14300,45,285,61,84,23,8,23311,22901,22306,62,533,84,250,58,18,16722,16277,15804,54,419,99,233,95,18,13342,13003,12716,44,243,108,186,30,15,10714,10588,10137,35,416,45,53,22,6,18443,17990,16691,71,1228,137,249,47,20
"2011","LE - Leicester","LE - Leicester",466294,377114,358305,2855,15954,5795,70852,8733,3800,49128,41603,40260,332,1011,406,6450,371,298,74827,59863,56687,718,2458,881,11628,1721,734,53999,45387,43839,331,1217,807,6624,841,340,51985,42354,40993,309,1052,530,8252,581,268,53422,47445,45621,300,1524,498,4678,490,311,42443,34878,33636,249,993,644,4943,1718,260,39494,28806,27956,145,705,715,8906,726,341,43141,31413,28398,185,2830,424,10054,616,634,57855,45365,40915,286,4164,890,9317,1669,614
"2011","LN - Lincoln","LN - Lincoln",136997,133709,128568,674,4467,948,1509,595,236,14520,14210,13909,75,226,70,190,29,21,19589,18720,18018,182,520,148,469,183,69,16519,16210,15830,59,321,125,102,67,15,14076,13853,13544,66,243,80,90,36,17,17982,17669,17223,62,384,89,166,34,24,14406,14054,13643,70,341,114,128,95,15,12142,11855,11662,28,165,109,122,42,14,11747,11542,10308,46,1188,71,74,34,26,16016,15596,14431,86,1079,142,168,75,35
"2011","LS - Leeds","LS - Leeds",367745,325363,308259,3535,13569,6020,22823,10880,2659,36442,33049,31774,398,877,388,2258,479,268,70580,61323,57662,999,2662,1048,5589,1955,665,48264,43689,41789,460,1440,946,2233,1092,304,43588,39859,38440,337,1082,583,2020,947,179,36905,33702,32195,280,1227,412,1894,652,245,33132,28961,27666,314,981,632,1432,1954,153,33664,28896,27961,202,733,786,2793,963,226,23349,20040,18472,190,1378,292,2234,575,208,41821,35844,32300,355,3189,933,2370,2263,411
"2011","LU - Luton","LU - Luton",157678,120366,105049,4033,11284,2985,22752,10224,1351,15523,12531,11486,401,644,243,2041,606,102,23197,16671,15087,577,1007,408,3913,1982,223,17810,14248,13109,405,734,393,1938,1102,129,18758,15233,13889,453,891,353,1984,1076,112,18461,15631,13802,673,1156,314,1613,733,170,15128,11154,9920,340,894,327,1732,1780,135,13260,9433,8471,226,736,341,2549,789,148,14308,10060,8230,415,1415,184,3208,751,105,21233,15405,11055,543,3807,422,3774,1405,227
"2011","M - Manchester","M - Manchester",528226,445204,410328,9300,25576,11010,43280,22964,5768,45097,38640,36077,882,1681,721,4202,970,564,92197,74968,67940,2368,4660,1870,9837,4060,1462,65144,56906,53335,1025,2546,1535,3840,2287,576,64230,56585,53533,960,2092,1235,3788,2252,370,49470,43610,40249,805,2556,724,3406,1147,583,51257,42952,40222,767,1963,1216,2836,3879,374,56447,45272,42824,587,1861,1554,6544,2473,604,37264,31224,28209,714,2301,571,3712,1302,455,67120,55047,47939,1192,5916,1584,5115,4594,780
"2011","ME - Medway","ME - Medway",295544,276166,261763,2083,12320,3112,10696,4391,1179,31469,29540,28336,231,973,263,1209,330,127,41519,37101,34630,543,1928,520,2264,1361,273,37412,35142,33899,237,1006,466,1166,527,111,37164,35488,34374,223,891,367,832,389,88,37554,36022,34495,214,1313,318,850,244,120,27198,25329,24307,176,846,277,856,658,78,24778,23055,22382,116,557,341,988,290,104,23718,22404,20925,154,1325,186,839,194,95,34732,32085,28415,189,3481,374,1692,398,183
"2011","MK - Milton Keynes","MK - Milton Keynes",257623,221879,202153,2714,17012,4332,19596,10476,1340,30241,27252,25585,363,1304,330,1941,585,133,47004,39002,35682,622,2698,691,4723,2248,340,34185,30401,28393,352,1656,670,1956,1008,150,31042,27812,25953,322,1537,490,1762,871,107,26122,23629,21682,238,1709,369,1368,637,119,21415,18052,16668,208,1176,416,1256,1593,98,21392,17657,16558,154,945,536,2214,871,114,16694,13892,11925,185,1782,249,1796,678,79,29528,24182,19707,270,4205,581,2580,1985,200
"2011","N - London N","N - London N",416888,289368,184669,13283,91416,17195,45690,48749,15886,46724,34802,23658,1601,9543,1502,5699,3074,1647,107580,79820,56361,4033,19426,3898,11867,8932,3063,75024,57315,41521,2170,13624,3297,6406,5960,2046,42680,28030,19166,1388,7476,1896,5239,6031,1484,31752,23183,10558,1262,11363,1206,2645,3118,1600,30770,17848,10252,898,6698,1404,3326,6853,1339,27894,14704,8753,514,5437,1608,4955,5063,1564,15643,9465,4953,498,4014,635,1790,2791,962,38821,24201,9447,919,13835,1749,3763,6927,2181
"2011","NE - Newcastle upon Tyne","NE - Newcastle upon Tyne",530711,506127,493949,2219,9959,3573,16081,2905,2025,46804,44007,43033,242,732,260,2206,113,218,87944,81899,78616,867,2416,692,4099,697,557,60205,58066,56837,271,958,483,1172,309,175,67236,65502,64599,193,710,345,1084,192,113,59867,57409,56285,112,1012,301,1781,151,225,50985,48853,48000,144,709,362,1083,531,156,54987,52240,51484,139,617,440,1851,278,178,40643,39294,38292,71,931,189,863,142,155,62040,58857,56803,180,1874,501,1942,492,248
"2011","NG - Nottingham","NG - Nottingham",537248,492275,467682,3398,21195,8969,22049,11926,2029,54052,50077,48519,403,1155,677,2444,631,223,84647,75179,71126,868,3185,1271,5490,2176,531,61372,56807,54645,405,1757,1193,1935,1262,175,58313,54535,52868,324,1343,771,1768,1104,135,63228,59872,57510,334,2028,783,1643,775,155,51245,46483,44926,281,1276,1008,1597,2015,142,48520,43565,42390,175,1000,1191,2505,1097,162,46186,42263,38719,228,3316,594,2300,835,194,69685,63494,56979,380,6135,1481,2367,2031,312
"2011","NN - Northampton","NN - Northampton",331800,306351,282542,3086,20723,4440,12161,7592,1256,37017,34587,33190,362,1035,379,1490,434,127,47916,42846,40496,617,1733,598,2543,1640,289,38731,36192,34440,336,1416,588,1107,712,132,38810,36499,34727,281,1491,466,1151,607,87,38498,36627,34720,355,1552,412,917,429,113,30187,27297,25857,283,1157,451,950,1402,87,25806,23379,22414,176,789,503,1328,505,91,29539,27587,23528,287,3772,342,973,537,100,45296,41337,33170,389,7778,701,1702,1326,230
"2011","NR - Norwich","NR - Norwich",333957,323348,310558,1355,11435,2841,5314,1694,760,34540,33704,32766,171,767,213,473,82,68,48518,45547,42873,427,2247,519,1764,478,210,36845,35980,34858,154,968,345,311,151,58,35572,34963,34167,135,661,222,273,85,29,46974,45978,44713,113,1152,289,549,88,70,35342,33902,32574,109,1219,327,667,355,91,30557,29662,29052,80,530,298,426,112,59,25596,25019,23228,60,1731,202,198,132,45,40013,38593,36327,106,2160,426,653,211,130
"2011","NW - London NW","NW - London NW",266550,169246,97738,9170,62338,10615,48993,25738,11958,34719,23790,14772,1078,7940,1087,6400,1860,1582,65543,45527,29159,2177,14191,2325,10487,4512,2692,45737,32708,21545,1216,9947,1971,6314,3100,1644,25919,15687,9886,973,4828,1115,5119,3083,915,20229,13250,4969,1157,7124,775,3485,1551,1168,19651,10476,5309,693,4474,911,3890,3483,891,18768,8109,4623,461,3025,933,5635,3098,993,11005,5458,2578,527,2353,397,2652,1834,664,24979,14241,4897,888,8456,1101,5011,3217,1409
"2011","OL - Oldham","OL - Oldham",199732,170795,164940,1422,4433,2216,24244,1981,496,18713,16319,15943,139,237,138,2138,89,29,27355,23680,22976,293,411,244,3023,305,103,21171,18831,18410,145,276,258,1863,192,27,22781,20578,20127,145,306,228,1829,123,23,25188,22098,21368,150,580,223,2671,129,67,21306,18893,18451,130,312,259,1752,357,45,17972,13744,13444,96,204,319,3712,156,41,19974,15828,14927,128,773,161,3770,165,50,25272,20824,19294,196,1334,386,3486,465,111
"2011","OX - Oxford","OX - Oxford",317320,292877,266135,3168,23574,3897,13824,5310,1412,36498,34540,32146,390,2004,347,1178,300,133,71440,64489,56072,1109,7308,906,4362,1225,458,42693,40063,37158,418,2487,582,1205,708,135,33182,31488,29562,259,1667,365,871,390,68,34533,32953,30909,271,1773,317,827,336,100,26452,23914,21880,252,1782,323,1235,868,112,22295,20088,18905,113,1070,385,1307,415,100,18878,17067,15247,137,1683,164,1164,374,109,31349,28275,24256,219,3800,508,1675,694,197
"2011","PE - Peterborough","PE - Peterborough",428257,405453,366497,2005,36951,4222,13417,3805,1360,45589,43495,41696,246,1553,331,1407,228,128,56096,51454,48381,457,2616,552,2913,940,237,46821,44748,42355,247,2146,561,944,442,126,45310,43560,41600,205,1755,309,1073,282,86,54642,52714,49407,192,3115,445,1113,257,113,41294,38880,36799,175,1906,416,1335,563,100,34455,32336,30884,114,1338,416,1418,200,85,46254,43851,33781,150,9920,397,1490,307,209,57796,54415,41594,219,12602,795,1724,586,276
"2011","PL - Plymouth","PL - Plymouth",252516,246660,238534,989,7137,1818,2613,921,504,24915,24400,23812,119,469,146,261,63,45,35792,34517,33014,303,1200,303,644,216,112,28541,27956,27282,132,542,271,146,111,57,26353,25971,25435,82,454,147,149,59,27,37989,37310,36355,97,858,189,354,75,61,26920,26160,25432,90,638,194,379,141,46,22833,22321,21944,50,327,191,228,68,25,19032,18716,17413,44,1259,107,104,68,37,30141,29309,27847,72,1390,270,348,120,94
"2011","PO - Portsmouth","PO - Portsmouth",386732,369585,353848,1857,13880,3869,9331,2713,1234,41687,40088,38824,215,1049,352,1010,120,117,60201,56434,53627,562,2245,582,2292,629,264,48361,46554,45173,234,1147,561,711,400,135,42476,41178,40000,174,1004,382,664,184,68,49240,47510,45963,149,1398,389,1078,127,136,39763,37559,35929,176,1454,449,1064,546,145,35305,33642,32891,86,665,463,865,245,90,25299,24423,22608,87,1728,197,431,129,119,44400,42197,38833,174,3190,494,1216,333,160
"2011","PR - Preston","PR - Preston",252210,236893,228110,1468,7315,2274,10996,1358,689,26303,24952,24358,162,432,160,1055,62,74,42559,39529,38420,337,772,309,2284,292,145,29230,27865,27245,167,453,276,885,154,50,30186,28565,28044,145,376,240,1229,116,36,30298,29197,28165,139,893,228,695,104,74,25538,24048,23319,152,577,277,921,232,60,22061,20026,19562,102,362,281,1563,106,85,18191,17001,15623,103,1275,161,906,87,36,27844,25710,23374,161,2175,342,1458,205,129
"2011","RG - Reading","RG - Reading",412174,371241,342615,4198,24428,5547,24065,9431,1890,51674,48053,45085,625,2343,556,2314,560,191,90665,78505,71679,1214,5612,1196,7931,2466,567,61090,56356,52793,586,2977,910,2482,1043,299,47122,43813,41270,431,2112,537,1848,776,148,40689,38289,35691,388,2210,439,1330,501,130,34273,30019,27591,302,2126,540,1791,1796,127,30769,27062,25370,192,1500,593,2288,686,140,19532,17588,16044,189,1355,211,1252,398,83,36360,31556,27092,271,4193,565,2829,1205,205
"2011","RH - Redhill","RH - Redhill",276788,255356,236886,2667,15803,3252,13499,3431,1250,36008,34095,32135,411,1549,317,1274,212,110,50274,45569,42084,681,2804,541,3030,867,267,40436,38217,36050,416,1751,556,1226,306,131,33428,31663,29887,301,1475,317,1096,244,108,28808,27455,25687,206,1562,252,815,184,102,28763,25805,23477,281,2047,363,1725,716,154,20285,18167,17163,112,892,326,1470,225,97,13777,12426,11493,92,841,128,980,147,96,25009,21959,18910,167,2882,452,1883,530,185
"2011","RM - Romford","RM - Romford",239111,194014,177616,2613,13785,3944,17274,21991,1888,21514,17559,16298,285,976,277,1980,1507,191,31738,20544,18545,604,1395,525,4231,6086,352,27531,22485,21270,266,949,545,1796,2507,198,37712,32417,30926,353,1138,580,2034,2477,204,30061,27046,24134,336,2576,399,1229,1146,241,21701,16856,15467,215,1174,392,1339,2954,160,21423,17315,16399,133,783,463,1859,1642,144,20761,17984,16386,196,1402,277,1150,1208,142,26670,21808,18191,225,3392,486,1656,2464,256
"2011","S - Sheffield","S - Sheffield",613069,574644,558761,2394,13489,5695,19781,9294,3655,55467,52605,51580,241,784,376,1720,447,319,95973,87367,83878,816,2673,928,4610,2236,832,65075,61475,60050,260,1165,705,1577,976,342,67124,64523,63482,193,848,508,1300,576,217,74739,71536,70122,188,1226,533,1706,620,344,61356,57499,56454,187,858,663,1412,1490,292,60743,56562,55721,139,702,732,2318,774,357,56226,51714,49269,145,2300,385,2996,713,418,76366,71363,68205,225,2933,865,2142,1462,534
"2011","SE - London SE","SE - London SE",489965,307290,229708,10456,67126,20848,45624,104711,11492,49233,35143,26653,1274,7216,1752,4870,6398,1070,114148,76882,58847,3303,14732,4171,11590,19501,2004,79771,56584,43927,1768,10889,3655,6107,12003,1422,54935,34503,27354,1085,6064,2487,4264,12674,1007,37958,25210,17271,844,7095,1414,3331,6757,1246,44080,21588,16087,653,4848,2075,3435,15882,1100,35239,16835,13046,374,3415,1968,5139,10425,872,20832,12153,9361,400,2392,772,1747,5520,640,53769,28392,17162,755,10475,2554,5141,15551,2131
"2011","SG - Stevenage","SG - Stevenage",210246,195283,185212,2226,7845,2632,8021,3469,841,26526,25003,23822,344,837,257,912,238,116,40748,36676,34199,613,1864,516,2318,1005,233,30285,28489,27184,310,995,410,889,400,97,24444,23225,22250,246,729,256,617,283,63,24003,22886,21984,202,700,218,583,244,72,17912,16445,15621,159,665,271,670,456,70,14840,13574,13051,87,436,278,695,248,45,12963,12047,11368,116,563,138,502,214,62,18525,16938,15733,149,1056,288,835,381,83
"2011","SK - Stockport","SK - Stockport",295871,280466,271408,3041,6017,2693,9976,1683,1053,35213,33062,32008,394,660,281,1546,145,179,56097,52193,50009,847,1337,497,2647,456,304,38136,36461,35429,368,664,425,908,237,105,34464,33127,32309,321,497,261,864,141,71,32181,31035,30250,262,523,200,738,115,93,27930,26677,25862,284,531,295,681,202,75,25302,23642,23108,158,376,311,1146,119,84,19914,19003,18304,185,514,157,606,95,53,26634,25266,24129,222,915,266,840,173,89
"2011","SL - Slough","SL - Slough",186573,138603,118221,2662,17720,3234,35721,6423,2592,26013,20908,18429,494,1985,352,4087,382,284,36822,26256,22860,672,2724,624,7902,1468,572,27595,21749,19535,376,1838,532,4253,742,319,20737,16016,14439,279,1298,361,3611,520,229,17182,14372,11868,230,2274,245,1932,427,206,15220,11305,9613,200,1492,338,2336,1032,209,13122,8247,7241,98,908,285,3872,491,227,11269,7051,5548,119,1384,157,3469,379,213,18613,12699,8688,194,3817,340,4259,982,333
"2011","SM - Sutton","SM - Sutton",110427,88223,77486,2056,8681,2793,13027,5028,1356,12147,9672,8519,284,869,261,1650,404,160,21045,14890,12806,499,1585,516,3836,1426,377,15238,12658,11472,272,914,481,1312,622,165,15966,13337,12158,277,902,412,1499,598,120,12675,11270,9578,245,1447,234,727,313,131,10122,8244,7284,149,811,245,889,626,118,8358,6096,5513,98,485,245,1509,390,118,6133,5089,4436,104,549,160,603,218,63,8743,6967,5720,128,1119,239,1002,431,104
"2011","SN - Swindon","SN - Swindon",237569,223478,212619,1611,9248,2509,8818,2148,616,27851,26724,25693,227,804,244,710,121,52,39974,37144,35130,399,1615,394,1868,447,121,30887,29463,28286,216,961,348,718,294,64,26713,25710,24834,145,731,261,549,154,39,27825,26788,25726,142,920,248,565,156,68,20321,18991,18082,132,777,213,754,323,40,19101,17919,17332,83,504,263,719,142,58,17836,16806,15657,96,1053,171,613,203,43,27061,23933,21879,171,1883,367,2322,308,131
"2011","SO - Southampton","SO - Southampton",329331,308127,289135,1916,17076,3771,12624,3363,1446,36097,34339,32906,278,1155,300,1165,175,118,62433,57178,53331,564,3283,698,3345,806,406,42192,40052,38362,240,1450,499,1107,384,150,37487,35868,34534,190,1144,405,930,181,103,37747,36062,33971,164,1927,349,991,198,147,29912,27549,25850,130,1569,365,1228,654,116,27524,25519,24471,107,941,450,1151,306,98,21084,19433,17295,100,2038,230,1079,223,119,34855,32127,28415,143,3569,475,1628,436,189
"2011","SP - Salisbury","SP - Salisbury",120881,116592,111885,549,4158,1028,1931,1051,279,14605,14241,13802,85,354,110,167,54,33,18671,17916,17184,133,599,135,454,129,37,18840,17950,17441,79,430,224,206,393,67,13639,13357,12969,51,337,96,106,66,14,15486,15081,14538,50,493,95,197,89,24,11044,10497,9985,46,466,92,277,155,23,8869,8579,8305,21,253,93,151,29,17,7437,7229,6690,32,507,67,54,62,25,12290,11742,10971,52,719,116,319,74,39
"2011","SR - Sunderland","SR - Sunderland",107331,103444,101929,245,1270,547,2513,480,347,7908,7466,7373,19,74,36,333,15,58,13357,12388,12157,59,172,76,670,133,90,10675,10394,10257,44,93,75,141,45,20,12150,11924,11845,17,62,53,131,30,12,12854,12363,12218,9,136,69,352,21,49,11392,11040,10952,16,72,46,189,97,20,13567,13143,13042,25,76,73,289,35,27,10868,10647,10338,16,293,40,118,29,34,14560,14079,13747,40,292,79,290,75,37
"2011","SS - Southend-on-Sea","SS - Southend-on-Sea",247781,232927,224965,1683,6279,2639,6480,4861,874,25598,24178,23464,183,531,211,844,288,77,33504,29470,27896,458,1116,388,2014,1431,201,30753,29323,28619,164,540,404,456,477,93,37719,36265,35475,226,564,393,554,435,72,31856,30652,29673,173,806,247,493,343,121,22644,20759,20016,126,617,247,685,874,79,21196,20031,19624,79,328,287,535,304,39,19248,18561,17892,125,544,154,221,237,75,25263,23688,22306,149,1233,308,678,472,117
"2011","ST - Stoke-on-Trent","ST - Stoke-on-Trent",299930,284027,277226,969,5832,2516,9906,2429,1052,29021,27810,27307,118,385,180,827,118,86,43343,40043,38846,290,907,342,2172,544,242,32082,30743,30203,119,421,300,717,233,89,31557,30627,30120,88,419,215,530,149,36,40305,38824,38086,89,649,251,878,196,156,29551,28086,27598,65,423,296,701,413,55,27415,25605,25136,50,419,334,1226,179,71,27183,25246,24496,61,689,187,1434,175,141,39473,37043,35434,89,1520,411,1421,422,176
"2011","SW - London SW","SW - London SW",493305,375907,255356,13331,107220,18271,43748,43571,11808,75216,62555,43089,2205,17261,2110,6041,2900,1610,135082,109144,78905,4409,25830,4195,11831,7448,2464,106790,88548,64021,2789,21738,3787,6769,5665,2021,48838,35860,25508,1268,9084,1982,4427,5575,994,26496,19652,10222,767,8663,1015,2170,2849,810,30854,18956,11355,648,6953,1512,3454,5905,1027,25334,14034,9054,403,4577,1360,4124,4958,858,11990,6835,4182,263,2390,530,1658,2477,490,32705,20323,9020,579,10724,1780,3274,5794,1534
"2011","SY - Shrewsbury","SY - Shrewsbury",167203,164069,158539,769,4761,864,1636,342,292,18305,18018,17558,109,351,72,163,19,33,26582,25703,24666,249,788,165,508,106,100,16693,16442,15970,92,380,105,90,34,22,16349,16160,15843,54,263,66,87,19,17,28362,27996,27304,76,616,109,194,25,38,16930,16521,16042,57,422,91,231,56,31,12425,12203,11955,36,212,86,104,21,11,12170,12012,11271,36,705,53,56,32,17,19387,19014,17930,60,1024,117,203,30,23
"2011","TA - Taunton","TA - Taunton",154929,151938,145645,589,5704,925,1536,329,201,16748,16487,16069,77,341,78,139,23,21,22092,21437,20634,169,634,143,383,86,43,16197,15946,15482,66,398,128,78,31,14,16161,15978,15601,43,334,76,78,16,13,23197,22872,22148,58,666,104,175,21,25,17149,16636,16047,47,542,112,317,63,21,12396,12169,11905,36,228,78,112,25,12,12460,12288,11107,47,1134,60,68,22,22,18529,18125,16652,46,1427,146,186,42,30
"2011","TD - Galashiels","TD - Galashiels",8670,8555,8276,30,249,29,63,12,11,918,909,892,5,12,4,4,1,0,870,834,802,8,24,6,19,7,4,655,645,628,4,13,4,4,0,2,735,733,720,1,12,0,1,0,1,1469,1454,1422,1,31,6,8,1,0,942,930,911,4,15,2,9,1,0,940,932,915,1,16,2,4,0,2,987,978,899,2,77,2,5,2,0,1154,1140,1087,4,49,3,9,0,2
"2011","TF - Telford","TF - Telford",101110,95771,91858,529,3384,891,3254,973,221,10468,9972,9727,63,182,65,355,46,30,14424,13402,12980,101,321,115,712,156,39,11753,11210,10870,121,219,139,259,107,38,11352,10944,10676,45,223,84,256,58,10,12461,12034,11506,51,477,86,231,86,24,9334,8867,8660,31,176,100,213,142,12,8216,7683,7549,22,112,109,353,53,18,10385,9643,8680,41,922,71,486,150,35,12717,12016,11210,54,752,122,389,175,15
"2011","TN - Tonbridge","TN - Tonbridge",325288,311251,295088,2435,13728,3269,7687,2050,1031,43026,41600,39554,399,1647,321,797,164,144,56665,53168,49701,739,2728,644,1960,641,252,42742,41309,39145,342,1822,532,568,231,102,37526,36417,35012,245,1160,373,513,149,74,41583,40332,38724,215,1393,305,677,138,131,31748,29964,28377,154,1433,337,969,389,89,24504,23506,22739,115,652,291,541,107,59,17625,16997,15982,92,923,142,349,77,60,29869,27958,25854,134,1970,324,1313,154,120
"2011","TQ - Torquay","TQ - Torquay",129312,126711,122634,576,3501,910,1227,234,230,16318,16057,15624,95,338,84,119,18,40,18937,18372,17618,136,618,166,285,69,45,14033,13794,13421,79,294,117,70,24,28,12756,12595,12314,52,229,88,50,14,9,19343,19058,18562,59,437,97,151,13,24,14429,13972,13415,59,498,113,288,33,23,11142,10945,10714,32,199,90,81,12,14,7947,7859,7589,27,243,33,33,10,12,14407,14059,13377,37,645,122,150,41,35
"2011","TR - Truro","TR - Truro",136235,133579,129201,628,3750,909,1234,218,295,15912,15595,15193,79,323,86,176,15,40,19825,19298,18542,165,591,142,272,58,55,15019,14740,14297,73,370,117,83,45,34,12875,12720,12434,52,234,73,43,10,29,22413,22042,21494,81,467,99,203,19,50,14294,13987,13549,57,381,118,136,25,28,11438,11264,11069,39,156,84,69,8,13,8372,8260,7881,31,348,41,46,12,13,16087,15673,14742,51,880,149,206,26,33
"2011","TS - Cleveland","TS - Cleveland",257027,246775,242899,742,3134,1479,7094,972,707,21635,20600,20319,67,214,108,786,41,100,37483,35166,34323,217,626,244,1637,281,155,27777,27005,26695,83,227,184,462,74,52,27353,26729,26479,70,180,125,420,53,26,32423,31436,31049,71,316,144,700,50,93,28331,27472,27149,63,260,186,464,166,43,25984,24912,24695,42,175,159,785,64,64,23743,22327,21796,54,477,118,1132,88,78,32298,31128,30394,75,659,211,708,155,96
"2011","TW - Twickenham","TW - Twickenham",251702,181782,146746,5206,29830,5703,51547,7808,4862,30910,23892,19680,808,3404,549,5390,516,563,52548,36966,29920,1540,5506,1093,11759,1685,1045,38636,29817,25393,765,3659,1021,6213,1004,581,30143,22194,19143,577,2474,702,6023,762,462,21229,16896,12631,410,3855,401,3086,435,411,20170,14715,11701,385,2629,554,3421,1092,388,18986,11207,9419,217,1571,551,6091,687,450,13883,9577,7511,198,1868,255,3134,520,397,25197,16518,11348,306,4864,577,6430,1107,565
"2011","UB - Southall","UB - Southall",170557,82779,60253,3624,18902,4129,62957,14415,6277,15283,7469,5818,373,1278,357,5896,924,637,24309,10352,7876,671,1805,549,9542,2820,1046,18428,9423,7711,376,1336,530,6272,1555,648,20957,10939,8907,497,1535,552,7133,1729,604,19005,12320,7717,570,4033,361,4763,985,576,15024,8012,6033,334,1645,430,4204,1838,540,17186,5759,4428,174,1157,511,8592,1648,676,15407,7326,5132,300,1894,297,6006,1138,640,24958,11179,6631,329,4219,542,10549,1778,910
"2011","W - London W","W - London W",281421,204022,120589,9297,74136,10838,33448,18811,14302,44894,35046,21165,1521,12360,1303,4914,1418,2213,75558,56929,35959,2726,18244,2578,9509,3365,3177,58571,45906,29068,1647,15191,2299,5536,2571,2259,25871,18187,11042,917,6228,1083,2948,2438,1215,16617,12262,5635,708,5919,662,1653,1062,978,17822,11042,5783,596,4663,834,2444,2429,1073,14912,8051,4460,314,3277,839,2644,2144,1234,7529,4267,2294,260,1713,297,1042,1193,730,19647,12332,5183,608,6541,943,2758,2191,1423
"2011","WA - Warrington","WA - Warrington",294626,284573,275680,2270,6623,2077,6228,1023,725,32285,31082,30190,358,534,181,860,79,83,51007,47682,45940,667,1075,419,2327,341,238,36300,35220,34356,289,575,355,499,154,72,33646,32910,32249,212,449,192,419,68,57,29828,29155,28417,175,563,161,390,62,60,26807,26077,25468,147,462,167,410,97,56,28172,27204,26777,105,322,258,583,69,58,22740,22306,21562,143,601,112,230,53,39,33841,32937,30721,174,2042,232,510,100,62
"2011","WC - London WC","WC - London WC",16091,11256,7270,421,3565,633,2688,1004,510,2066,1643,1104,76,463,62,249,66,46,5016,3764,2342,138,1284,179,717,195,161,3311,2441,1564,71,806,150,444,169,107,1486,1033,734,34,265,67,209,143,34,735,479,341,22,116,34,168,35,19,886,485,314,19,152,34,177,160,30,994,483,312,11,160,59,327,96,29,318,190,140,9,41,7,80,34,7,1279,738,419,41,278,41,317,106,77
"2011","WD - Watford","WD - Watford",131706,108794,95525,3046,10223,2457,14156,5201,1098,17118,14355,12860,444,1051,269,1932,417,145,26313,19781,17318,681,1782,506,4322,1445,259,19457,16465,15024,352,1089,430,1764,645,153,16417,14149,12851,387,911,270,1383,504,111,13064,11918,10019,389,1510,189,578,290,89,11558,9521,8262,246,1013,235,1016,697,89,9468,7376,6629,140,607,260,1353,386,93,7058,6029,5198,188,643,115,672,194,48,11253,9200,7364,219,1617,183,1136,623,111
"2011","WF - Wakefield","WF - Wakefield",235045,214630,207375,713,6542,1645,16523,1666,581,22135,20252,19893,88,271,137,1603,84,59,28723,25679,25040,175,464,239,2309,365,131,24997,23464,23029,82,353,200,1133,168,32,26239,24637,24217,66,354,148,1337,90,27,29179,27344,26603,66,675,190,1451,127,67,22499,20770,20431,52,287,167,1304,228,30,21409,18835,18546,46,243,178,2242,106,48,26052,22610,21217,67,1326,137,3096,136,73,33812,31039,28399,71,2569,249,2048,362,114
"2011","WN - Wigan","WN - Wigan",143857,140623,136996,584,3043,830,1570,551,283,12600,12284,12065,57,162,70,186,30,30,19345,18586,18186,169,231,110,449,141,59,15194,14927,14695,64,168,97,104,43,23,16364,16155,15934,62,159,70,102,28,9,18046,17703,17388,42,273,92,184,32,35,15159,14827,14653,45,129,88,102,117,25,12763,12468,12361,31,76,75,159,34,27,15490,15209,14354,55,800,95,113,47,26,18896,18464,17360,59,1045,133,171,79,49
"2011","WR - Worcester","WR - Worcester",142205,137752,131421,725,5606,935,2806,447,265,17475,17065,16587,113,365,84,268,24,34,25327,24332,23427,212,693,163,669,113,50,16872,16480,15946,97,437,126,182,54,30,15121,14827,14394,64,369,77,167,31,19,17686,17338,16704,67,567,83,204,33,28,12851,12355,11869,52,434,98,319,65,14,11414,11022,10751,32,239,107,238,30,17,10274,9722,8443,36,1243,71,422,24,35,15185,14611,13300,52,1259,126,337,73,38
"2011","WS - Walsall","WS - Walsall",200039,178084,173704,721,3659,2208,15602,3153,992,19742,17532,17209,98,225,170,1720,179,141,26422,22526,21950,190,386,272,2681,765,178,21108,18995,18647,72,276,268,1383,370,92,22865,20706,20412,71,223,216,1557,298,88,27532,25596,25052,70,474,245,1366,236,89,19043,17078,16777,57,244,312,1050,533,70,17726,15361,15101,57,203,273,1797,202,93,20349,17852,17179,48,625,151,2005,209,132,25252,22438,21377,58,1003,301,2043,361,109
"2011","WV - Wolverhampton","WV - Wolverhampton",175465,138169,132927,819,4423,3940,23196,7796,2364,16726,13477,13133,102,242,225,2380,420,224,24421,18294,17655,165,474,455,3793,1545,334,18817,15069,14691,101,277,424,2260,812,252,20486,16775,16423,68,284,382,2409,725,195,22515,19402,18790,91,521,388,1915,592,218,17089,13151,12799,76,276,575,1718,1517,128,15238,11574,11296,49,229,498,2427,536,203,17289,12856,11852,80,924,285,3216,547,385,22884,17571,16288,87,1196,708,3078,1102,425
"2011","YO - York","YO - York",273277,266132,256551,1175,8406,1550,4072,956,567,32572,31910,31132,166,612,157,382,45,78,44344,42366,40366,370,1630,293,1205,327,153,29858,29047,28219,169,659,211,398,132,70,27007,26632,26016,97,519,118,169,65,23,37288,36578,35531,69,978,172,407,63,68,26019,25290,24478,100,712,151,433,104,41,23985,23427,22898,53,476,152,315,64,27,19456,19149,18090,53,1006,68,168,36,35,32748,31733,29821,98,1814,228,595,120,72
"2011","CF - Cardiff","CF - Cardiff",450135,424418,410184,2387,11847,5148,14672,3764,2133,40104,37772,36697,256,819,412,1570,162,188,79451,73307,70078,844,2385,797,4074,712,561,54507,52254,50777,321,1156,670,984,425,174,52945,50964,49895,241,828,537,1051,258,135,49016,46540,45303,169,1068,460,1495,268,253,45000,42817,41708,139,970,570,970,501,142,44166,41166,40320,143,703,658,1731,442,169,32965,31192,29716,100,1376,280,1043,275,175,51981,48406,45690,174,2542,764,1754,721,336
"2011","LD - Llandrindod Wells","LD - Llandrindod Wells",24183,23719,23038,113,568,103,314,22,25,2567,2523,2467,17,39,14,25,3,2,3335,3277,3158,29,90,20,28,5,5,2141,2037,1975,15,47,9,92,1,2,2429,2407,2365,10,32,7,12,0,3,5586,5541,5456,13,72,13,26,1,5,2485,2430,2361,7,62,13,33,7,2,1374,1337,1298,4,35,7,28,1,1,1515,1503,1424,11,68,3,8,1,0,2751,2664,2534,7,123,17,62,3,5
"2011","LL - Llandudno","LL - Llandudno",242112,236125,228830,1221,6074,1381,3495,597,514,24071,23486,22933,150,403,117,357,46,65,37047,35513,34268,324,921,254,943,168,169,23973,23614,23097,134,383,130,161,30,38,23699,23404,23014,107,283,107,136,26,26,36410,35687,34916,111,660,166,445,49,63,28421,27588,26971,117,500,164,511,113,45,19821,19313,18961,94,258,139,314,33,22,20073,19790,18466,71,1253,77,138,34,34,28597,27730,26204,113,1413,227,490,98,52
"2011","NP - Newport","NP - Newport",216274,208113,203302,795,4016,1489,4656,1338,678,20023,19293,18858,110,325,87,500,72,71,31636,29981,29196,216,569,206,999,313,137,23100,22396,22017,85,294,190,287,164,63,24526,23876,23523,68,285,152,323,130,45,26870,25961,25445,76,440,130,570,106,103,22299,21459,21074,68,317,184,441,171,44,19004,18240,17994,42,204,173,452,74,65,20448,19635,19039,42,554,113,524,97,79,28368,27272,26156,88,1028,254,560,211,71
"2011","SA - Swansea","SA - Swansea",318410,309428,301190,1504,6734,1566,5257,1224,935,28633,27793,27177,172,444,133,550,57,100,47633,45232,43752,388,1092,253,1561,317,270,32038,31436,30788,150,498,182,263,109,48,36282,35723,35234,134,355,155,280,69,55,47711,46713,45566,199,948,175,630,68,125,34215,33197,32428,136,633,189,583,184,62,29367,28469,28000,100,369,184,494,132,88,24917,24575,23686,90,799,76,172,43,51,37614,36290,34559,135,1596,219,724,245,136
